"code","name","income_pc_relative_2009","income_pc_relative_2010","income_pc_relative_2011","income_pc_relative_2012","income_pc_relative_2013","income_pc_relative_2014","income_pc_relative_2015","income_pc_relative_2016","income_pc_relative_2017","income_pc_relative_2018","income_pc_relative_2019"
"0201000","Powiat boles³awiecki",64.72,61.93,62,64,67.16,68.85,71.52,72.09,71.13,70.59,69.58
"0202000","Powiat dzier¿oniowski",55.04,55.95,57.71,59,60.56,61.5,62.2,62,61.73,61.49,61.83
"0203000","Powiat g³ogowski",114.98,111.75,117.07,137.96,120.42,110.47,116.02,107.85,109.39,103.81,100.18
"0204000","Powiat górowski",39.69,39.24,43.46,44.19,46.32,47.29,47.32,46.66,47.61,47.26,47.2
"0205000","Powiat jaworski",49.63,51.38,57.09,57.26,57.69,58.78,60.84,57.92,57.77,58.73,59.76
"0206000","Powiat jeleniogórski",59.57,56.22,59.54,59.95,62.54,62.45,64.91,65.15,66.72,68.29,69.07
"0207000","Powiat kamiennogórski",52.47,52.85,55.15,52.67,54.84,55.74,57.67,56.79,55.73,57.06,56.67
"0208000","Powiat k³odzki",55.58,54.61,58.24,58.87,59.32,59.73,59.85,58.78,57.6,58.31,57.38
"0209000","Powiat legnicki",55.07,59.65,59.71,60.94,64.77,67.83,68.51,68.33,68.33,69.8,72.61
"0210000","Powiat lubañski",54.72,55.92,57.1,59.88,62.37,62.4,62.62,61.9,61.4,61.18,60.53
"0211000","Powiat lubiñski",137.83,141.28,148.16,182.6,155.67,141.95,144.44,133.57,137.37,130.13,123.01
"0212000","Powiat lwówecki",42.68,43.15,45.6,46.14,48.49,49.55,49.18,48.81,51.06,49.83,49.07
"0213000","Powiat milicki",46.59,50.36,52.39,54.95,56.2,57.61,59.97,61.45,60.58,60.8,61.66
"0214000","Powiat oleœnicki",69.15,69.87,69.76,69.67,72.44,71.98,73.82,73.09,73,76.7,77.37
"0215000","Powiat o³awski",77.68,83.29,79.58,87.19,86.04,85.27,85.06,87.09,90.7,92.94,96.36
"0216000","Powiat polkowicki",149.35,156.83,199.92,315.26,214.22,152.67,163.56,126,141.91,126.99,118.71
"0217000","Powiat strzeliñski",52.55,55.97,62.46,63.28,62.27,63.01,64.96,65.12,64.38,63.65,63.46
"0218000","Powiat œredzki",64.84,69.36,68.41,68.96,73.39,75.65,77.71,84.71,80.71,81.04,84.7
"0219000","Powiat œwidnicki",71.95,71.92,75.77,77.26,77.97,78.37,78.07,79.34,80.99,79.67,80.61
"0220000","Powiat trzebnicki",67.91,70.61,71.74,68.65,72.31,74.61,74.4,76.97,80.56,82.83,84.82
"0221000","Powiat wa³brzyski",75.68,75.51,78.3,78.19,69.63,67.61,68.34,67.31,67.06,66.8,50.95
"0222000","Powiat wo³owski",59.76,61.25,63.25,61.99,65.07,68.47,66.87,69.43,72.04,69.63,72.32
"0223000","Powiat wroc³awski",110.81,110.8,109.89,118.03,115.19,112.64,124.61,130.77,137.34,138.02,138.93
"0224000","Powiat z¹bkowicki",51.64,52.93,55.43,58.31,59.86,59.08,58.16,57.98,58.24,59.81,60.24
"0225000","Powiat zgorzelecki",84.65,89.63,96.08,92.58,93.58,99.29,97.4,93.24,89.75,89.3,86.61
"0226000","Powiat z³otoryjski",53.16,54.9,56.44,58.77,60.32,60.83,61.27,59.25,59.95,61.76,61.3
"0261000","Powiat m.Jelenia Góra",112.74,114.18,118.56,113.92,117.65,111.65,109.57,109.32,111.62,108.24,106.58
"0262000","Powiat m.Legnica",125.65,123.93,125.77,132.63,127.01,121.06,123.5,121.13,119,117.97,114.42
"0264000","Powiat m.Wroc³aw",194.03,193.23,181.19,182.08,182.06,182.91,183.38,182.75,182.67,184.66,185.77
"0401000","Powiat aleksandrowski",44.23,46.25,51.15,50.69,51.64,53.03,54.05,53.86,56.36,53.34,53.86
"0402000","Powiat brodnicki",49.67,50.77,53.11,54.89,57.49,59.78,58.46,61.28,61.4,59.7,60.73
"0403000","Powiat bydgoski",87.51,91.4,90.06,90.6,96.94,95.22,97.9,99.76,103.41,100.65,102.68
"0404000","Powiat che³miñski",45.21,46.87,49.5,52.85,53.51,50.99,52.24,52.66,53.98,55.74,56.57
"0405000","Powiat golubsko-dobrzyñski",50.66,42.55,46.93,47.68,49.14,51.72,52.98,53.37,52.63,54.18,55.39
"0406000","Powiat grudzi¹dzki",36.52,37.25,40.14,44.31,47.48,46.72,48.41,51.01,49.95,48.25,50.52
"0407000","Powiat inowroc³awski",63.49,64.65,71.63,72.43,70.85,68.82,66.81,66.46,67.15,66.05,66.19
"0408000","Powiat lipnowski",34.2,36.41,38.66,39.88,44.34,45.56,44.81,41.6,41.32,40.81,41.75
"0409000","Powiat mogileñski",51.7,51.05,52.74,54.83,58.91,58,54.4,56.43,57.96,58.85,59.44
"0410000","Powiat nakielski",46.4,46.77,50.13,51.26,52.94,54.54,54.12,56.33,58.11,55.48,56.89
"0411000","Powiat radziejowski",36.85,35.2,39.53,42.46,47.76,44.8,44.65,44.61,45.51,43.83,43.64
"0412000","Powiat rypiñski",43.86,44.06,45.6,46.1,46.42,50.42,48.71,50.5,49.73,51.19,50.09
"0413000","Powiat sêpoleñski",33.75,34.61,37.86,39.25,41.38,40.95,43.54,43.26,44.9,44.66,44.97
"0414000","Powiat œwiecki",57.15,58.18,61.94,59.67,60.79,65.06,68,72.27,66.04,64.58,77.68
"0415000","Powiat toruñski",54.51,56.25,61.96,64.43,67.49,63.98,65.28,67.67,69.56,68.48,70.84
"0416000","Powiat tucholski",39.12,40.24,43.08,44.08,45.81,47.84,46.32,47.26,47.34,52.29,53.26
"0417000","Powiat w¹brzeski",51.81,56.24,56.72,55.21,55.88,57.61,54.07,52.09,52.57,51.85,52.6
"0418000","Powiat w³oc³awski",40.05,40.17,41.7,42.06,44.74,45.62,46.2,48.77,49.22,48.93,49.43
"0419000","Powiat ¿niñski",46.7,45.64,50.4,52.29,53.05,52.44,54.78,52.46,52.16,53.36,54.93
"0461000","Powiat m.Bydgoszcz",136.84,133.77,131.8,133.36,128.67,128.18,128.83,127.93,125.66,121.26,120.71
"0462000","Powiat m.Grudzi¹dz",89.88,88.56,91.17,94.52,94.87,93.41,91.25,91.86,92.73,90.86,88.85
"0463000","Powiat m.Toruñ",143.15,135.32,134.28,135.83,138.5,134.77,133.02,131.14,129.88,127.22,124.57
"0464000","Powiat m.W³oc³awek",118.98,114.11,115.95,118.34,115.77,113.28,109.11,109.54,104.89,99.47,101.78
"0601000","Powiat bialski",32.11,32.97,36.32,39.33,40.66,41.36,41.15,40.52,40.32,40.76,41.79
"0602000","Powiat bi³gorajski",36.71,37.33,40,38.63,38.23,38.07,38.47,39.54,39.69,40.43,40.17
"0603000","Powiat che³mski",25.67,26.83,30.42,30.82,32.07,33.97,33.74,34.54,34.06,34.31,35.19
"0604000","Powiat hrubieszowski",31.29,30.58,37.49,40.68,39.29,39.1,38.08,38.48,38.12,37.25,35.95
"0605000","Powiat janowski",31.73,33.22,35.07,35.39,36.1,36.97,40.77,40.36,40.91,40.72,40.7
"0606000","Powiat krasnostawski",37.2,38.27,43.82,46.41,47.84,46.46,43.92,44.48,44.23,45.35,44.56
"0607000","Powiat kraœnicki",34.34,36.16,37.51,39.66,40.15,41.1,42.06,42.64,41.99,44.46,44.75
"0608000","Powiat lubartowski",39.03,40.34,43.12,45.69,46.39,46.97,46.42,46.16,46.45,46.45,46.4
"0609000","Powiat lubelski",43.27,46.75,50.42,53.44,54.45,56.41,57.46,59.47,59.82,60.69,61.5
"0610000","Powiat ³êczyñski",59.24,64.58,63.01,71.75,70.56,77.09,71.61,68.82,63.55,61.96,65.84
"0611000","Powiat ³ukowski",41.91,43.06,45.05,48.58,51.27,48.97,49.43,48.69,48.39,49.85,50.55
"0612000","Powiat opolski",30.45,32.64,33.73,34.94,36,36.35,37.45,38.24,37.57,38.28,37.13
"0613000","Powiat parczewski",36.13,38.42,41.49,44.38,46.21,44.02,44.62,43.4,45.47,45.03,46.87
"0614000","Powiat pu³awski",63.26,63.65,73.26,72.29,72.47,71.13,72.67,71.44,72.27,71.02,69.72
"0615000","Powiat radzyñski",37.16,38.38,40.32,41.11,43.54,43,43.04,43.29,42.69,43.66,44.28
"0616000","Powiat rycki",51.51,53.71,58.66,61.01,61.39,63.21,62.76,62.31,61.3,60.71,61.59
"0617000","Powiat œwidnicki",57.99,59.35,63.89,74.94,67.8,70.96,68.04,71.52,66.88,66.75,66.18
"0618000","Powiat tomaszowski",34.18,32.04,36.66,37.97,38.99,39.85,39.69,39.32,38.84,38.97,39.18
"0619000","Powiat w³odawski",33.64,37.09,39.77,42.17,44.45,45.02,43.58,44.27,43.73,43.38,43.72
"0620000","Powiat zamojski",27.74,29.78,32.02,33.91,35.01,36.64,37,37.27,38.13,37.93,38.43
"0661000","Powiat m.Bia³a Podlaska",89.17,89.61,96.61,98.18,99.49,99.63,101.41,95.59,94.17,93.25,90.55
"0662000","Powiat m.Che³m",86.26,90.11,93.54,94.03,95.47,96.6,95.32,91.73,89.18,87.06,84.49
"0663000","Powiat m.Lublin",138.89,138.2,139.62,140.13,137.2,136.57,137.2,134.7,130.94,128.77,128.38
"0664000","Powiat m.Zamoœæ",92.27,93.43,98.45,100.21,104.07,102.01,100.14,96.85,94.19,94.08,93.41
"0801000","Powiat gorzowski",65.76,65.29,68.15,69.32,69.62,72.33,75.26,76.41,82.15,81.55,81.68
"0802000","Powiat kroœnieñski",50.7,51.45,56.7,58.45,61.01,60.79,61.69,60.01,61.81,61.29,58.95
"0803000","Powiat miêdzyrzecki",52.95,53.52,59.97,62.33,62.21,60.46,61.49,60.66,61.91,61.65,62.49
"0804000","Powiat nowosolski",49.25,51.74,53.77,54.18,55.62,56.02,56.35,56.24,56.73,58.01,59.04
"0805000","Powiat s³ubicki",50.33,49.65,56.98,58.84,63.04,62.32,62.26,64.76,67.26,69.16,69.56
"0806000","Powiat strzelecko-drezdenecki",47.28,44.32,46.46,49.09,52.3,52.21,52.73,54.07,55.05,55.64,55.46
"0807000","Powiat sulêciñski",44.34,47.08,51.67,54.52,57.45,57.14,55.76,62.39,62.48,59.64,60.4
"0808000","Powiat œwiebodziñski",58.51,60.35,63.17,65.66,68.76,68.16,68.47,69.12,68.16,73.08,71.21
"0809000","Powiat zielonogórski",67.02,68.89,70.1,74.37,73.25,75.28,64.88,67.27,66.42,66.89,69.45
"0810000","Powiat ¿agañski",53,51.53,55.22,56.2,58.22,58.15,59.16,59.61,58.55,59.59,58.48
"0811000","Powiat ¿arski",63.62,61.26,64.89,64.19,66.76,67.11,67.48,67.94,68.74,69.07,65.25
"0812000","Powiat wschowski",49.5,50.7,50.98,51.98,53.62,55.77,59.4,65.26,64.57,64.52,64.9
"0861000","Powiat m.Gorzów Wielkopolski",112.05,114.28,109.31,111.45,111.56,109.06,108.6,108.82,108.18,107.5,104.57
"0862000","Powiat m.Zielona Góra",151.97,152.68,151.91,153.72,148.24,144.22,153.76,155.09,155.86,156.27,154.48
"1001000","Powiat be³chatowski",108.48,128.98,117.98,114.66,114.45,119.28,119,114.09,115.35,109.63,102.52
"1002000","Powiat kutnowski",61.88,66.4,65.75,67.45,71.66,70.24,68.64,70.25,69.62,68.77,68.7
"1003000","Powiat ³aski",54.07,58.52,62.1,64.29,63.99,65.61,65.79,66.82,64.45,65.46,67.21
"1004000","Powiat ³êczycki",34.41,36.62,42.36,44.26,46.04,46.76,47.36,46.85,48.14,50.36,51.2
"1005000","Powiat ³owicki",52.65,58.05,58.29,60.58,62.38,64.4,62.23,63.36,63.29,63.82,65.32
"1006000","Powiat ³ódzki wschodni",85.43,88.47,92.33,90.94,90.86,92.1,94.25,96.68,99.39,102.49,101.83
"1007000","Powiat opoczyñski",44.2,45.9,47.27,47.78,50.83,51.78,51.22,52.23,51.93,53.34,53.08
"1008000","Powiat pabianicki",80.07,80.81,84.52,84.44,84.6,89,88.73,86.98,86.64,87.09,86.69
"1009000","Powiat pajêczañski",52.96,50.83,55.43,56.59,59.96,60.2,65.54,63.71,64.82,66.1,62.82
"1010000","Powiat piotrkowski",40.75,43.73,45.44,47.16,49.37,50.38,51.7,53.1,56.24,57.06,58.32
"1011000","Powiat poddêbicki",33.85,36.57,40.36,42.25,43.48,44.39,45.08,46.92,49.46,51.54,52.51
"1012000","Powiat radomszczañski",53.38,54.65,55.76,56.75,56.46,59.69,61.16,61.29,64,63.55,66.33
"1013000","Powiat rawski",58.15,58.15,60.2,66.52,69.88,71.13,70.02,69.01,63.92,71.25,73.31
"1014000","Powiat sieradzki",51.76,51.08,51.66,53.21,53.81,55.35,56.04,57.29,57.53,59.49,60.23
"1015000","Powiat skierniewicki",39.59,43.48,46.71,48.96,51.82,50.41,53.41,53.52,53.38,54.67,56.09
"1016000","Powiat tomaszowski",60.58,62.13,63.01,63.24,67.29,67.45,65.35,69.66,70.39,69.24,69.23
"1017000","Powiat wieluñski",53.51,52.66,52.16,54.21,56.24,55.67,56.92,56.86,57.88,56.43,57.69
"1018000","Powiat wieruszowski",46,46.25,48.65,51.06,54.28,59.27,59.87,58.05,61.41,62.78,64.23
"1019000","Powiat zduñskowolski",61.25,62.66,64.78,66.89,68.34,67.33,68.99,68.15,69.91,70,68.14
"1020000","Powiat zgierski",70.63,72.37,73.86,75.79,77.7,77.49,79.01,78.57,78.95,80.13,83.18
"1021000","Powiat brzeziñski",52.84,52.29,55.15,56.8,58.78,57.81,58.2,59.97,63.8,62.97,65.04
"1061000","Powiat m.£ódŸ",150.53,150.11,149.68,150.07,147.35,145.6,145.3,144.67,140.97,140.68,140.4
"1062000","Powiat m.Piotrków Trybunalski",117.19,115.94,119.38,119.98,117.12,118.77,119.53,116.01,113.32,113.47,113.29
"1063000","Powiat m.Skierniewice",133.14,146.03,139.85,138.96,142.51,138.43,135.56,134.87,134.42,134.13,134.59
"1201000","Powiat bocheñski",60.24,59.72,61.78,61.51,61.5,62.19,61.76,64.65,66.87,67.3,67.03
"1202000","Powiat brzeski",47.89,49.94,50.95,54.97,54.39,53.09,55.59,56.13,54.61,55.13,56.86
"1203000","Powiat chrzanowski",81.43,83.7,88.05,87.56,91.09,91.32,93.17,92.1,88.05,91.07,87.06
"1204000","Powiat d¹browski",26.83,29.1,31.45,33.41,32.67,36.35,37.64,36.98,38.49,35.59,36.53
"1205000","Powiat gorlicki",41.68,41.25,44.42,45.83,46.95,46.18,45.85,45.78,44.93,44.82,45.72
"1206000","Powiat krakowski",83.82,84.43,88.11,89.33,89.11,90.53,93.15,95.75,98.6,100.86,103.58
"1207000","Powiat limanowski",42.45,45.22,46.78,49.84,48.97,46.8,45.91,45.58,46.1,46.54,47.79
"1208000","Powiat miechowski",38.65,41.28,42.06,42.79,44.13,44.73,44.99,45.07,46.37,46.12,47.64
"1209000","Powiat myœlenicki",55.76,58.47,58.96,59.85,66.59,58.37,59.32,59.97,60.86,63.67,65.06
"1210000","Powiat nowos¹decki",41.8,44,44.37,44.66,45.36,43.01,44.9,46.14,47.93,48.92,49.86
"1211000","Powiat nowotarski",38.8,41.16,42.01,41.92,40.9,40.14,40.88,42.31,41.79,43.49,43.89
"1212000","Powiat olkuski",77.94,81.94,81.3,84.54,86.96,86.61,87.43,89.29,88.97,89.73,88.93
"1213000","Powiat oœwiêcimski",79.31,84.74,87.5,86.83,85.91,87.82,88.67,88.91,91.47,88.86,86.06
"1214000","Powiat proszowicki",34.12,36.29,41.05,39.35,43.04,43.55,40.94,42.59,42.74,44.19,43.47
"1215000","Powiat suski",46.2,47.66,50.63,52.65,52.97,53.08,53.76,54.82,54.13,56.97,55.38
"1216000","Powiat tarnowski",37.65,37.46,41.02,43.49,46.35,45.27,45.11,45.88,46.49,47.66,47.88
"1217000","Powiat tatrzañski",58.48,65.86,65.89,59.74,56.19,56.55,57.1,60.62,57.15,60.36,61.07
"1218000","Powiat wadowicki",60.46,61.81,63.52,65.45,66.26,66.94,68.08,67.53,68.29,70.32,70.93
"1219000","Powiat wielicki",74.5,76.93,79.35,79.81,82.47,83.58,87.16,88.35,90.79,91.88,94.81
"1261000","Powiat m.Kraków",188.13,184.97,182.25,174.57,174.93,176.53,173.22,177.21,180.51,187.01,186.86
"1262000","Powiat m.Nowy S¹cz",123.64,119.8,116.05,123.11,119.09,114.37,112.12,112.66,111.76,114.25,124.82
"1263000","Powiat m.Tarnów",105.35,107.08,112.7,115.78,114.55,110.74,109.31,109.18,106.82,105.05,104.33
"1401000","Powiat bia³obrzeski",42.52,40.8,41.79,43.45,45.2,48.39,50.51,47.72,46.54,49.6,48.44
"1402000","Powiat ciechanowski",67.61,70.31,70.35,76.66,78.33,72.96,70.46,73.47,70.86,69.18,69.79
"1403000","Powiat garwoliñski",55.04,58.31,62.72,64.04,65.13,65.07,63.32,62.6,63.28,64.15,64.75
"1404000","Powiat gostyniñski",46.09,50.3,51.63,52.31,53.94,50.44,50.52,51.61,50.95,52.74,53.89
"1405000","Powiat grodziski",163.8,153.2,146.03,148.59,149.64,147.45,144.76,148.72,144.34,144.9,136.75
"1406000","Powiat grójecki",67.25,64.2,68.86,69.47,76.26,74.81,71.84,68.58,68.71,71.41,70.91
"1407000","Powiat kozienicki",63.55,108.99,110.11,79.66,83.39,72.05,75.1,75.36,76.54,70.05,72.92
"1408000","Powiat legionowski",137.35,140.12,132.89,134.07,133.65,134.98,133.09,131.29,131.05,129.58,133.11
"1409000","Powiat lipski",37.57,38.02,38.72,42.82,42.21,44.73,41.16,41.52,42.52,42.15,41.16
"1410000","Powiat ³osicki",34.92,36.55,38.08,40.42,43.94,45.23,44.97,45.42,43.43,44.72,46.81
"1411000","Powiat makowski",39.89,38.83,43.54,43.34,43.55,44.45,43.46,43.18,45.1,47.79,47.71
"1412000","Powiat miñski",89.47,93.64,93.03,91.95,90.93,92.57,91.28,91.59,89.67,89.93,93.29
"1413000","Powiat m³awski",51.43,51.26,56.2,58.44,56.94,59.06,59.51,59.63,62.32,64.08,72.48
"1414000","Powiat nowodworski",89.55,97.85,93.95,95.61,96.67,100.46,95.91,93.55,94.46,95.39,92.56
"1415000","Powiat ostro³êcki",43.28,41.73,44.93,44.67,45.63,49.04,50.36,51.08,49.87,52.82,52.38
"1416000","Powiat ostrowski",52.74,54.72,55.04,57.63,57.78,56.9,57.32,57.23,57,57.2,58.35
"1417000","Powiat otwocki",115.15,121.01,117.65,120.85,123.22,124.42,121.82,122.2,125.81,125.41,123.22
"1418000","Powiat piaseczyñski",244.65,228.36,220.02,208.31,203.78,207.83,201.45,197.93,193.1,191.58,188.57
"1419000","Powiat p³ocki",50.14,53.49,53.54,54.69,57.77,59.13,63.27,62.86,61.23,62.6,61.62
"1420000","Powiat p³oñski",49.26,52.5,54.66,56.14,57.56,56.47,57.07,57.59,56.94,58.13,59.37
"1421000","Powiat pruszkowski",193.63,197.65,187.76,178.92,172.89,169.66,168.6,171.51,165.6,164.79,163
"1422000","Powiat przasnyski",43.17,43.7,46.25,48.5,48.64,50.45,49.39,48.19,49.07,48.91,49.32
"1423000","Powiat przysuski",30.4,32.18,34.44,36.95,38.08,39.41,39.58,39.16,39.79,40.63,41.13
"1424000","Powiat pu³tuski",54.32,57.35,61.58,61.96,64.61,61.61,58.58,59.25,59.77,60.51,60.44
"1425000","Powiat radomski",41.45,43.7,43.12,43.77,45.93,47.4,47.37,48.5,49.79,50.81,53.66
"1426000","Powiat siedlecki",37.3,38.89,40.01,42.71,46.61,48.6,49.3,49.26,51.02,53,55.2
"1427000","Powiat sierpecki",43.94,46.81,48.79,49.2,48.87,50.17,52.38,50.79,49.7,50.47,50.99
"1428000","Powiat sochaczewski",75.37,81.74,81.01,76.66,79.06,80.44,79.93,81.97,81.29,81.93,83.9
"1429000","Powiat soko³owski",52.49,53.49,57.77,65.37,69.66,70.36,66.81,63.79,63.7,63.69,66.1
"1430000","Powiat szyd³owiecki",36.18,36.93,39.17,42.4,41.48,41.48,41.04,41.19,41.88,43.13,42.47
"1432000","Powiat warszawski zachodni",191.86,193.83,182.11,182.09,183.48,183.01,181.91,180.07,179.52,180.69,179.09
"1433000","Powiat wêgrowski",51.63,55.35,54.81,57.56,57.64,60.33,60.69,60.84,61.86,61.56,60.08
"1434000","Powiat wo³omiñski",107.13,112.08,108.98,109.32,109.69,104.88,104.47,106.05,106.08,106.55,108.57
"1435000","Powiat wyszkowski",57.56,60.32,59.91,62.94,66.28,65.05,63.12,63.35,65.08,66.84,67.25
"1436000","Powiat zwoleñski",32.4,34.63,36.9,38.15,38.48,40.3,40.8,42.15,43.57,44.96,44.62
"1437000","Powiat ¿uromiñski",32.1,34.11,38.04,38.82,39.11,43.29,42.14,42.34,43.38,44.47,48.17
"1438000","Powiat ¿yrardowski",77.39,83.15,82.67,81.87,83.62,84.84,84.9,83.38,85.52,85.87,87.56
"1461000","Powiat m.Ostro³êka",125.13,124.04,129.32,125.53,127.58,125.73,134.97,124.8,115.7,120.97,112.77
"1462000","Powiat m.P³ock",156.31,208.79,173.98,229.45,153.58,155.99,158.4,158.74,209.25,163.1,182.23
"1463000","Powiat m.Radom",104.37,108.41,107.66,107.75,110.51,110.76,109.51,107.48,106.23,105.82,105.48
"1464000","Powiat m.Siedlce",130.52,136.56,136.2,141.04,142.71,137.85,133.65,130.31,129.12,126.4,126.08
"1465000","Powiat m. st. Warszawa",362.69,350.85,329.08,317.79,309.91,309.76,306.69,305.92,305.2,308.29,303.25
"1601000","Powiat brzeski",61.06,63.88,64.99,67,68.91,68.59,66.67,67.63,69.22,67.79,68.53
"1602000","Powiat g³ubczycki",47.9,49.77,53.72,54.68,53.63,55.15,54,53.26,53.43,53.33,54.15
"1603000","Powiat kêdzierzyñsko-kozielski",77.36,74.37,83.87,78.3,82.37,77.27,78.33,80.53,78.13,76.88,73.43
"1604000","Powiat kluczborski",48.22,52.48,54.84,56,56.1,57.98,58.54,56.88,56.76,56.93,56.96
"1605000","Powiat krapkowicki",96.65,84.04,70.3,70.61,70.54,71.7,69.4,71.52,69.02,70.62,68.84
"1606000","Powiat namys³owski",53.73,55.47,60.7,59.28,61.13,67.73,62.15,62.25,61.88,63.69,63.63
"1607000","Powiat nyski",52.3,54.86,57.08,56.38,57.85,58.83,58.68,57.4,57.97,57.68,57.83
"1608000","Powiat oleski",45.11,46.45,50.3,50.75,51.58,51.69,53.01,53.52,55.89,55.15,54.72
"1609000","Powiat opolski",58.6,63.89,63.65,68.53,69.63,66.69,69.56,68.64,68.48,68.67,70.02
"1610000","Powiat prudnicki",42.65,43.63,49.06,49.48,50.54,51.39,52.04,52.64,51.59,52.36,51.01
"1611000","Powiat strzelecki",51.08,54.18,57.2,58.3,61.28,63.25,63.26,63.46,64.56,62.28,62.45
"1661000","Powiat m.Opole",168.28,174.37,167.07,164.34,165.52,163.98,159.35,160.53,153.68,150.95,147.71
"1801000","Powiat bieszczadzki",41.59,39.85,44.41,46.29,49.53,49.55,48.86,48.17,47.57,48.58,47.85
"1802000","Powiat brzozowski",32.89,34.41,38.41,40.26,39.98,41.85,42.23,42.21,43.59,42.77,42.2
"1803000","Powiat dêbicki",53.42,55.11,56.56,59.61,60.82,59.68,60.4,62.84,63.74,61.79,62.96
"1804000","Powiat jaros³awski",40.1,39.84,44.1,46.6,48.22,49.35,49.32,47.33,47.04,47.59,48.75
"1805000","Powiat jasielski",46.93,46.59,52.1,51.79,51.42,52.01,51.44,51.05,49.92,49.77,50.48
"1806000","Powiat kolbuszowski",29.68,29.05,31.75,35.06,35.22,37.6,37.59,38.78,39.99,40.32,41.74
"1807000","Powiat kroœnieñski",40.2,40.6,44.17,45.08,45.34,46.88,47.53,48.46,47.77,47.5,48.11
"1808000","Powiat le¿ajski",43.48,36.83,42.04,43.76,43.99,47.26,44.83,44.37,42.84,44.24,44.59
"1809000","Powiat lubaczowski",26.78,27.51,30.72,33.12,33.44,34.68,35.86,35.59,35.22,36.03,35.74
"1810000","Powiat ³añcucki",43.48,46.36,49.83,50.49,52.63,54.17,54.22,55.47,56,57.03,57.78
"1811000","Powiat mielecki",55.14,54.99,58.03,59.03,62.67,64.53,67.13,69.22,69.99,70.34,69.96
"1812000","Powiat ni¿añski",34.84,34.76,38.12,39.77,41.04,40.57,42.4,43.32,43.45,44.68,44.63
"1813000","Powiat przemyski",31.34,31.5,34.96,35.64,36.87,39.13,39.01,39.83,40.02,40.51,41.58
"1814000","Powiat przeworski",36.15,37.38,38.33,41.32,42.15,42.33,44.89,45.28,46.11,44.67,45.44
"1815000","Powiat ropczycko-sêdziszowski",34.48,36.78,43.79,46.02,46.21,50.14,46,48.87,48.74,50.68,48.86
"1816000","Powiat rzeszowski",45.05,47.82,50.92,51.28,53.62,55.18,54.25,54.77,56.79,57.7,60
"1817000","Powiat sanocki",49.1,47.55,54.81,54.77,56.6,58.01,59.03,56.75,57.07,56.22,53.48
"1818000","Powiat stalowowolski",62.9,62.29,60.66,61.8,64.64,66.61,65.66,67.98,66.14,64.79,64.87
"1819000","Powiat strzy¿owski",32.3,32.87,37.44,39.14,40.67,42.12,42.58,43.52,44.53,44.84,48.01
"1820000","Powiat tarnobrzeski",38.68,39.82,44.95,44.56,48.61,50.12,49.92,50.14,52.6,52.85,52.52
"1821000","Powiat leski",36.41,37.51,41.7,42.81,42.74,43.11,44.02,42.69,44.08,45.09,43.88
"1861000","Powiat m.Krosno",116.73,120.52,124.3,109.52,109.34,113.08,116.31,118.06,113.5,112.75,106.39
"1862000","Powiat m.Przemyœl",82.49,82.71,87.38,89.97,91.74,92.86,90.15,86.99,85.77,85.03,81.96
"1863000","Powiat m.Rzeszów",144.18,134.34,139.72,142.32,144.53,139.56,137.41,135.53,135.26,132.4,131.55
"1864000","Powiat m.Tarnobrzeg",86.74,94.72,98.63,101.21,98.62,98.64,95.81,95.11,92.54,89.69,88.34
"2001000","Powiat augustowski",51.07,45.47,45.89,47.51,49.95,48.48,49.42,50.09,52.27,56.07,55.5
"2002000","Powiat bia³ostocki",56.7,56.62,58.21,61.9,62.23,63.8,64.51,67.12,66.32,67.59,68.02
"2003000","Powiat bielski",49.36,48.64,51.25,52.85,56.27,57.5,60.74,61.83,61.26,60.68,60.51
"2004000","Powiat grajewski",41.33,39.48,42.65,42.05,53.91,43.92,46.28,48.74,49.1,46.04,46.26
"2005000","Powiat hajnowski",50.11,52.49,55.56,56.73,58.31,60.17,59.69,59.83,61.15,60.23,59.28
"2006000","Powiat kolneñski",27.38,27.75,28.61,30.62,31.72,34.36,35.37,35.09,34.47,35.54,34.92
"2007000","Powiat ³om¿yñski",28.48,29.98,31.01,33.04,34.63,35.05,35.38,36.2,36.69,36.61,39.69
"2008000","Powiat moniecki",26.92,27.62,29.24,31.28,32.36,31.9,32.2,32.57,33.63,33.62,34.04
"2009000","Powiat sejneñski",35.62,35.16,38.78,40.73,42.31,44.11,45.53,45.9,42.4,43.91,44.58
"2010000","Powiat siemiatycki",35.17,36.5,38.29,39.83,42.19,41.21,41.7,41.64,41.93,41.67,42.44
"2011000","Powiat sokólski",35.97,35.35,36.48,39.97,39.88,39.97,41.31,41.77,43.64,41.15,42.94
"2012000","Powiat suwalski",29.56,31.97,32.59,37.35,39.06,38.6,41.48,41.27,41.98,41.08,45.05
"2013000","Powiat wysokomazowiecki",43.21,44.58,47.12,50.67,51.95,50.93,52.24,50.39,52.94,52.18,55.2
"2014000","Powiat zambrowski",63.85,53.89,53.88,54.38,62.5,51.69,53.45,54.35,58.59,54.87,57.33
"2061000","Powiat m.Bia³ystok",127.12,124.04,123,126.45,121.81,123.21,120.57,119.07,118.05,117.58,116.72
"2062000","Powiat m.£om¿a",97.22,96.85,107.01,102.98,103.9,104.68,100.53,99.25,100.65,99.55,96.53
"2063000","Powiat m.Suwa³ki",94.43,91.82,93.27,95.07,96.84,95.17,94.18,94.57,92.04,93.14,91.33
"2201000","Powiat bytowski",47.28,47.75,50.28,50.36,54.18,55.67,54.03,55.37,55.3,59.88,59.01
"2202000","Powiat chojnicki",50.33,49.83,54.08,55.96,54.89,56.63,58.75,60.01,62.62,61.3,61.01
"2203000","Powiat cz³uchowski",44.23,46.43,49.63,50.74,50.6,51.34,51.14,51.75,50.27,52.73,53.3
"2204000","Powiat gdañski",98.26,103.64,97.94,89.03,96.74,94.54,93.87,96.18,95.64,94.78,97.42
"2205000","Powiat kartuski",61.39,62.34,63.04,63.82,64.98,65.39,64.99,70.08,72.02,70.4,72.36
"2206000","Powiat koœcierski",49.62,49.65,50.38,50.74,51.1,52.21,52.58,54.31,55.12,53.9,53.53
"2207000","Powiat kwidzyñski",64.97,65.76,62.66,66.81,65.85,60.43,61.45,62.09,64.03,64.02,71.33
"2208000","Powiat lêborski",62.83,61.25,59.81,61.33,62.64,62.93,63.48,62.97,62.95,62.43,64.17
"2209000","Powiat malborski",57.27,58.62,62.85,63.34,61.9,62.01,61.22,61.56,62.71,62.49,60.22
"2210000","Powiat nowodworski",41.11,46.25,44.86,46.54,47.16,47.76,47.32,53.33,55.77,53.94,52.11
"2211000","Powiat pucki",68.08,65.11,65.62,69.16,67.87,67.85,69.96,70.02,72.41,71.48,71.88
"2212000","Powiat s³upski",52.99,54.88,55.38,57.61,60.47,60.4,63.15,64.59,66.6,66.28,66.61
"2213000","Powiat starogardzki",58.54,58.44,61.09,56.74,58.6,59.23,58.86,60.4,62.2,65.69,64.71
"2214000","Powiat tczewski",60.12,63.58,65.3,64.77,66.32,68.22,67.03,67.62,66.67,67.23,67.47
"2215000","Powiat wejherowski",73.64,72.41,73.23,71.65,71.78,72.32,72.88,73.78,74.28,73.79,72.72
"2216000","Powiat sztumski",39.49,42.74,44.52,45.49,44.7,44.94,45.86,44.72,45.15,45.84,45.89
"2261000","Powiat m.Gdañsk",173.69,176.13,175.49,166.23,172.49,170.67,172.39,169.47,169.87,169.21,174.22
"2262000","Powiat m.Gdynia",181.37,181.6,168.97,166.58,168.75,170.11,165.48,163.67,168.1,164.01,154.72
"2263000","Powiat m.S³upsk",141.3,119.16,119.23,120.72,118.61,116.61,116.88,114.5,110.7,108.84,107.76
"2264000","Powiat m.Sopot",273.09,273.3,267.18,236.51,235.63,234.91,227.78,233.25,227.07,222.48,241.38
"2401000","Powiat bêdziñski",96.92,99.87,100.91,100.36,102.04,101.61,100.77,99,98.12,96.29,95.51
"2402000","Powiat bielski",85.84,89.24,89.97,93.68,94.91,95.05,96.01,97.11,99.41,97.86,99.15
"2403000","Powiat cieszyñski",77.22,78.67,80.38,81.88,84.02,85.84,84.52,83.76,81.9,82.83,80.98
"2404000","Powiat czêstochowski",58.94,59.86,61.84,64.03,65.23,66.4,66.58,66.44,65.11,67.29,67.89
"2405000","Powiat gliwicki",77.6,79.9,83.95,84.28,85.63,90.62,89.77,88.8,91.36,86.24,90.29
"2406000","Powiat k³obucki",57.9,59.39,60.27,64.19,64.09,64.38,66.19,67.77,69.16,72.51,74.56
"2407000","Powiat lubliniecki",62.21,63.66,62.85,65.12,66.45,68.95,67.58,68.17,66.31,66.56,68.52
"2408000","Powiat miko³owski",109.89,114.41,119.32,115.3,117.72,117.7,117.9,115.39,113.76,110.52,110.2
"2409000","Powiat myszkowski",63.38,65.9,67.81,68.73,71.29,71.65,74.7,74.43,72.19,74.14,76.44
"2410000","Powiat pszczyñski",96.85,105.66,109.02,104.5,102.27,104.91,103.15,97.78,97.98,93.35,96.87
"2411000","Powiat raciborski",64.22,66.37,66.67,69.44,68.73,71.43,68.01,68.71,66.28,66.89,64.68
"2412000","Powiat rybnicki",76.08,81.15,84.87,88.21,90.51,95.14,91.61,89.45,84.12,83.98,81.53
"2413000","Powiat tarnogórski",87.91,90.6,90.72,92.95,93.8,96.75,96.77,97.92,95.93,94.27,92.63
"2414000","Powiat bieruñsko-lêdziñski",93.74,101.8,111.2,111.49,109.47,113.34,112.78,108.34,106.14,104.18,103.55
"2415000","Powiat wodzis³awski",82,84.04,89.77,90.33,92.56,95.54,94.23,89.52,85.97,83.23,79.22
"2416000","Powiat zawierciañski",69.64,73.44,75.33,74.81,76.78,78.12,76.37,76.81,76.55,77.35,74.91
"2417000","Powiat ¿ywiecki",67.91,67.83,69.36,68.81,69.31,70.5,69.24,69.4,69.6,71.05,70.05
"2461000","Powiat m.Bielsko-Bia³a",159.31,163.03,160.54,158.91,155.1,151.72,153.02,155.41,153.23,157.21,152.58
"2462000","Powiat m.Bytom",93.91,99.62,104.67,104.6,104.34,104.44,103.37,98.43,95.11,94.09,93.52
"2463000","Powiat m.Chorzów",112.44,118.57,127.77,119.19,120.19,121.86,120.48,117.69,118.11,114.7,114.21
"2464000","Powiat m.Czêstochowa",122,125.07,123.65,124.19,121.5,119.87,122.01,120.76,119.99,117.7,117.1
"2465000","Powiat m.D¹browa Górnicza",129.49,134.35,137.23,134.83,138.49,138.51,137.5,136.11,131.52,137.13,133.42
"2466000","Powiat m.Gliwice",153.86,161.45,157.47,153.62,157.17,160.77,156.06,156.08,152.68,151.01,149.67
"2467000","Powiat m.Jastrzêbie-Zdrój",126.94,136.96,147.9,133.49,129.07,128.38,129.02,119.56,120.73,107.3,113.59
"2468000","Powiat m.Jaworzno",128.29,128.79,134.67,135.8,140.71,139.9,140.34,140.18,130.94,131.97,128.61
"2469000","Powiat m.Katowice",202.53,198.06,200.72,189.36,186.85,187,184.74,182.36,176.05,176.97,177.14
"2470000","Powiat m.Mys³owice",128.41,136.93,141.58,143.06,139.94,147.08,146.25,138.87,136.04,131.99,128.08
"2471000","Powiat m.Piekary Œl¹skie",110.27,111.65,116.69,116.28,115.2,116.66,116.66,116.34,112.67,113.15,108.06
"2472000","Powiat m.Ruda Œl¹ska",112.38,118.07,125.26,123.45,124.22,129.53,126.74,121.33,118.66,115.84,112.2
"2473000","Powiat m.Rybnik",122.65,131.3,140.66,131.57,128.61,132.49,130.94,126.24,121.43,119.8,117.27
"2474000","Powiat m.Siemianowice Œl¹skie",117.58,120.74,121.3,121.88,119.38,121.88,120.59,122.24,117.47,117.86,114.27
"2475000","Powiat m.Sosnowiec",128.44,134.59,133.97,131.8,131.58,130.12,128.18,126.21,122.75,121.82,120.17
"2476000","Powiat m.Œwiêtoch³owice",96.75,102,105.74,102.78,102.45,104.81,103.68,99.17,95.52,94.87,94.24
"2477000","Powiat m.Tychy",156.17,161.3,164.27,160.07,157.64,160.5,159.33,155.99,150.99,155.23,153.7
"2478000","Powiat m.Zabrze",102.39,111.36,116.21,113.93,115.45,115.48,114.55,109.43,106.83,103.13,100.78
"2479000","Powiat m.¯ory",110.66,116.84,117.76,116.33,123.84,129.66,128.08,124.56,116.08,115.29,110.48
"2601000","Powiat buski",46.63,46.74,49.99,51.36,53.04,52.05,52.03,52.76,53.08,51.52,52.73
"2602000","Powiat jêdrzejowski",41.15,41.28,45.32,47.53,47.23,49.42,47.67,47.11,47.45,48.62,49.15
"2603000","Powiat kazimierski",25.78,26.27,30.04,26.79,28.94,31.21,30.42,28.08,31.17,31.97,32.17
"2604000","Powiat kielecki",42.59,43.55,47.52,48.94,54.34,51.5,52.13,52.76,55.02,55.68,58.27
"2605000","Powiat konecki",45.27,46.39,48.06,49.03,51.33,50.15,50.97,50.21,48.54,49.15,49.79
"2606000","Powiat opatowski",40.43,37.7,46.38,41.38,45.17,47.29,44.19,44.1,42.33,41.92,45.62
"2607000","Powiat ostrowiecki",63.93,59.19,57.68,61.67,61.11,60.94,59.95,61.1,60.43,59.91,58.1
"2608000","Powiat piñczowski",39.57,41.32,42.79,42.13,44.73,45.18,45.93,47.53,48.25,49.08,49.46
"2609000","Powiat sandomierski",52.03,52.13,52.08,55.33,56.46,54.26,54.31,52.59,52.18,51.95,51.93
"2610000","Powiat skar¿yski",59.97,62.18,66.49,69.05,69.27,69.76,67.9,66.7,64.02,64.65,62.82
"2611000","Powiat starachowicki",58.79,57.34,56.85,56.93,59.42,59.7,60.6,60.84,60.91,61.29,60.87
"2612000","Powiat staszowski",61.5,53.05,68.97,60.57,55.22,55.94,55.33,54.73,54.2,54.03,58.27
"2613000","Powiat w³oszczowski",41.2,40.74,43.14,43.59,47.57,46.94,51.1,49.18,47.91,49.5,52.43
"2661000","Powiat m.Kielce",140.65,143.29,141.26,139.44,137.94,138.31,132.53,129.22,130.05,126.32,124.79
"2801000","Powiat bartoszycki",42.49,43.04,46.25,48.15,49.3,51.27,51.07,53.35,51.22,49.05,48.33
"2802000","Powiat braniewski",44.86,45.12,48.64,51.3,52.51,52.69,53.49,55.62,53.16,53.47,52.57
"2803000","Powiat dzia³dowski",51.21,49.06,48.85,51.84,53.18,54.99,54.19,55.64,54.38,54.8,54.83
"2804000","Powiat elbl¹ski",39.67,39.11,42.56,45.18,47.1,48.52,48.65,48.26,48.88,48.22,48.61
"2805000","Powiat e³cki",50.22,50.98,52.66,52.04,53.04,53.53,52.64,55.44,53.96,53.56,54.38
"2806000","Powiat gi¿ycki",59.35,57.94,59.89,61.79,65.5,65,60.39,60.74,60.87,61.98,60
"2807000","Powiat i³awski",55.09,52.53,53.32,55.82,56.05,56.75,57.85,58.96,60.33,61.37,62.05
"2808000","Powiat kêtrzyñski",46.45,47.44,50.56,48.98,51.59,54.52,53.62,51.55,50.64,49.7,50.51
"2809000","Powiat lidzbarski",43.54,44.45,45.88,48.46,50.16,50.1,51.31,52.27,50.74,49.73,50.89
"2810000","Powiat mr¹gowski",55.91,51.75,54.22,55.36,54.49,56.92,56.48,57.09,57.38,58.82,60.29
"2811000","Powiat nidzicki",43.05,40.46,41.26,42.62,44.33,44.03,44.61,45.27,43.39,45.32,44.33
"2812000","Powiat nowomiejski",36.87,35.9,38.29,37.36,39.45,40.52,41.08,43.16,44.01,43.84,44.79
"2813000","Powiat olecki",43.22,42.49,45.26,48.03,48.46,50.23,49.79,49.43,48.02,48.91,47.31
"2814000","Powiat olsztyñski",58.72,59.54,60.77,66.14,68.39,68.55,69.65,70.3,70.32,70.61,71.31
"2815000","Powiat ostródzki",50.06,53.24,50.88,52.89,54.34,54.51,53.52,55.84,56.98,57.68,56.8
"2816000","Powiat piski",41.84,41.69,43.08,45.04,44.49,45.45,45.4,45.68,45.76,46.77,47
"2817000","Powiat szczycieñski",46.65,47.86,49.28,51.04,51.15,54.3,53.44,54.72,52.93,53.51,51.16
"2818000","Powiat go³dapski",37.24,38.86,41.1,42.43,44.68,42.11,43.43,41.92,43.75,42.13,42.53
"2819000","Powiat wêgorzewski",40.21,41.34,44.63,48.15,49.5,50.75,50.45,48.48,48.69,49.43,49.73
"2861000","Powiat m.Elbl¹g",115.8,112.7,113.76,113.58,114.74,116.5,117,115.99,110.9,110.92,106.35
"2862000","Powiat m.Olsztyn",159.48,155.08,149.73,151.39,150.94,143.67,143.01,139.83,134.76,134.43,132.31
"3001000","Powiat chodzieski",66.2,65.99,74.23,71.4,71.73,71.07,68.06,68.84,67.76,77.24,76.08
"3002000","Powiat czarnkowsko-trzcianecki",52.34,53.61,54.48,54.84,56.38,58.43,59.23,60.35,60.78,60.95,60.7
"3003000","Powiat gnieŸnieñski",55.28,58.52,60.7,62.6,64.28,65.71,66.71,67.72,70.07,68.1,68.93
"3004000","Powiat gostyñski",67.57,69.05,72.84,75.43,77.27,70.15,63.32,71.43,84.99,70.75,74.15
"3005000","Powiat grodziski",55.58,54.04,59.48,58.92,61.14,61,63.82,68.68,68.1,68.31,68.85
"3006000","Powiat jarociñski",53.46,55.29,57.63,58.62,61.2,60.71,62.36,63.48,64.95,64.84,66.28
"3007000","Powiat kaliski",38.78,42.03,42.15,44.46,47.46,47.55,51.4,53.4,56.57,60.13,63.47
"3008000","Powiat kêpiñski",64.24,64.3,72.31,72.23,74.6,78.2,81.26,89.36,95.81,104.52,109.56
"3009000","Powiat kolski",47.65,48.31,49.23,52.84,54.77,53.72,55.91,56.4,58.38,56.99,56.19
"3010000","Powiat koniñski",44.28,46.14,51.41,50.62,52.69,52.96,51.45,53.78,55.15,52.23,53.25
"3011000","Powiat koœciañski",59.02,61.91,62.61,64.12,67.44,68.28,70.16,71.77,71.24,71.99,73.27
"3012000","Powiat krotoszyñski",51.85,54.73,54.85,56.76,62.44,62.77,69.03,69.74,67.44,69.31,68.31
"3013000","Powiat leszczyñski",48.67,53.89,53.41,57.16,58.49,58.38,62.41,62.05,61.74,64.18,66.84
"3014000","Powiat miêdzychodzki",57.05,54.41,57.36,55.81,63.73,58.37,57.87,62.32,64.14,66.09,63.54
"3015000","Powiat nowotomyski",70.57,71.23,74.73,75.49,75.79,76.25,76.94,78.97,78,79.46,80.28
"3016000","Powiat obornicki",63.54,67.1,62.4,62.9,65.3,65.24,65.28,65.72,67.29,68.38,71.31
"3017000","Powiat ostrowski",67.74,65.96,68.46,69.26,72.54,73.8,75.19,77.75,74,77.54,79.46
"3018000","Powiat ostrzeszowski",53.16,49.92,50.54,56.83,62.46,58.15,54.79,57.5,65.66,66.63,76.07
"3019000","Powiat pilski",79.79,76.42,81.41,73.71,76.25,80.72,79.3,76.04,74.24,75.07,74.22
"3020000","Powiat pleszewski",47.55,44.64,45.63,48.88,53.82,53,54.22,56.83,56.78,58.8,59.63
"3021000","Powiat poznañski",126.44,129.58,125.19,122.77,125.02,126.14,129.52,131.27,131.77,132.08,133.05
"3022000","Powiat rawicki",55.73,56.23,60.76,60.91,62.5,60.15,60.76,64.16,67.71,65.35,65.62
"3023000","Powiat s³upecki",47.54,47.45,50.74,51.73,55.11,54.14,54.35,56.37,58.1,57.9,59.6
"3024000","Powiat szamotulski",71.77,72.81,71.79,72.17,74.6,76.05,79.81,79.67,81.39,81.38,81.5
"3025000","Powiat œredzki",66.35,70,72.75,77.05,79.25,77.36,79.82,76.95,77.83,77.95,80.43
"3026000","Powiat œremski",66.01,68.28,69.05,69.07,71.54,72.57,71.19,71.96,73.24,74.74,79.39
"3027000","Powiat turecki",56.25,61.38,61.07,59.88,59.11,60.58,62.57,64.4,63.76,63.8,60.82
"3028000","Powiat w¹growiecki",46.63,48.36,50.54,51.35,52.29,54.93,55.49,56.59,58.41,57.46,58.25
"3029000","Powiat wolsztyñski",72.36,64.7,70.19,67.95,68.58,68,68.63,69.73,73.4,75.05,72.98
"3030000","Powiat wrzesiñski",62.38,65.32,65,64.51,69.57,69.22,69,73,79.9,77.26,81.09
"3031000","Powiat z³otowski",55.05,45.64,47.03,47.32,46.9,48.85,52.51,52.61,53.65,52.81,53.8
"3061000","Powiat m.Kalisz",124.79,122.99,124.27,130.93,124.29,122.97,123.83,136.81,139.17,134.68,140.48
"3062000","Powiat m.Konin",129.43,138.29,136.74,128.42,123.04,121,121.85,119.1,116.84,110.29,106.63
"3063000","Powiat m.Leszno",142.45,144.2,149.11,148.31,137.37,136.11,138.11,139.06,135.93,134.74,134.13
"3064000","Powiat m.Poznañ",220.46,215.21,205.82,198.89,197.76,194.32,194.25,195.64,193.65,192.36,193.23
"3201000","Powiat bia³ogardzki",48.23,49.59,52.15,52.7,52.76,52.77,53.27,54.04,54.22,53.64,54.02
"3202000","Powiat choszczeñski",42.22,44.67,46.37,47.66,48.91,51.15,51.41,50.49,50.82,50,49.65
"3203000","Powiat drawski",48.42,48.1,50.29,52.15,52.87,55.68,54.42,54.54,57.32,53.46,55.97
"3204000","Powiat goleniowski",60.05,65.13,65.62,66.59,66.92,69.07,70.97,70.35,72.54,72.51,74.52
"3205000","Powiat gryficki",52.5,52.13,53.35,56.45,54.98,55.17,56.83,57.55,56.21,57.84,57.37
"3206000","Powiat gryfiñski",53.82,56.05,56.83,57.97,58.41,59.53,59.54,57.18,58.09,58.39,57
"3207000","Powiat kamieñski",54.82,55.45,59.39,55.83,59.48,60.61,61.13,61.72,61.62,61.45,59.33
"3208000","Powiat ko³obrzeski",77.81,80.36,84.74,78.83,78.71,77.03,77.7,77.8,79.45,82.13,79.87
"3209000","Powiat koszaliñski",54.08,53.81,57.92,57.64,65.98,59.96,62.37,64.25,65.79,66.56,68.93
"3210000","Powiat myœliborski",51.64,51.24,55.28,53.96,56.02,56.55,56.3,56.18,59.16,56.35,56.92
"3211000","Powiat policki",117.16,112.88,110.33,108.27,108.62,112.95,120.34,114.31,123.2,120.21,118.18
"3212000","Powiat pyrzycki",41.63,42.97,44.72,45.21,45.16,45.65,46.26,46.97,45.93,46.49,46.04
"3213000","Powiat s³awieñski",46.57,43.69,47.84,48.53,52.48,52.94,53.53,54.54,55.85,54.35,53.43
"3214000","Powiat stargardzki",58.05,59.84,63.54,64.33,65.52,63.95,64,65.41,67.65,66.36,66.63
"3215000","Powiat szczecinecki",56.64,56.44,57.18,58.97,57.64,58.18,60.12,60.26,61.96,60.67,58.81
"3216000","Powiat œwidwiñski",46.22,48.46,51.63,51.8,52.7,55.32,54.85,55.5,57.99,54.86,54.06
"3217000","Powiat wa³ecki",53.47,54.35,56.69,56.62,58.1,59.35,62.33,59.06,58.25,58.82,60.27
"3218000","Powiat ³obeski",37.52,40.24,44.91,45.05,46.85,47.92,48.2,47.75,48.23,48.45,49.29
"3261000","Powiat m.Koszalin",141.41,133.99,132.43,131.54,128.9,128.93,126.54,126.39,124.03,122.96,122.31
"3262000","Powiat m.Szczecin",149.14,142.21,139.46,133.72,132.9,129.25,131.29,130.06,127.82,126.34,125.27
"3263000","Powiat m.Œwinoujœcie",108.07,106.4,112.58,109.01,110.63,112.32,114.29,118.24,111.07,110.98,105.42
